id,data
001,VWIYTWO6SV
002,JKL890IAFT
003,2UIL18GN15
004,U2PWS5T4UO
005,00PZG6TBIT
006,ZOIWRXO7Z2
007,3IJMO40VS0
008,VNUSRL20D3
009,BN1U8MO8Q3
010,OMSBUIIZHX
011,MWQTYVQ0YL
012,SRA6DDX10E
013,LV4LO82LGL
014,9SSWBWTNID
015,O470GPBA0A
016,7L6AAZ4BPS
017,8RQOD0IZS0
018,4BUPUFTKVZ
019,2MV9FHKNUI
020,CB6S134M4T
021,MJIR7YALUI
022,26EX49SN06
023,59AYOGF92P
024,PD4RLE3JOQ
025,IJD4LOTRYX
026,1S0G7HOINH
027,9LF33GRPR2
028,0S0405P8K0
029,YIMW6SU2Q0
030,43F7UVTXKW
031,6UZWANM8M9
032,E6MXEXYQWJ
033,OR59DN1CG2
034,K38F07B5VJ
035,VS9IXMODL1
036,9IUY7A0AJO
037,M5E1O4XJYQ
038,3J4K4D6N8Q
039,5BFRLAGD4M
040,GNMVV2F9JB
041,PT3WM1KX2W
042,B5TPUV81VV
043,OTJMIKC1DH
044,I3NVFTDMNF
045,ZJSNREL6JI
046,OQ8063PXHN
047,2BARW5FZWA
048,QD7Q6K6W8E
049,ERR1KHME26
050,3DOD7GIY1J
051,NBQVEBNIAM
052,4UZYB3Y8PO
053,2BXKIURY1D
054,11ZBX3US9F
055,T1E1IFFMHZ
056,3I6ZBFFN0I
057,RR1WMBZP13
058,DXQFLV00O8
059,MSJ1V202OU
060,OVJKHONGN0
061,J1PE8EFRQF
062,6UYHF664HF
063,642O8GC8JN
064,WK3GKR32H4
065,JXFLUTZOW1
066,DGT9STGVDF
067,11AZEA4TM2
068,UBK6WT7ISO
069,ANMJSIYMPV
070,LWD335KG0N
071,YXHUJOCQHC
072,MWH3MQ3RWJ
073,BGXPCHDHB6
074,789WWSRVAQ
075,DR30AM91NE
076,CEZF0CAP7K
077,64HTX50L1Z
078,4IMKAH3AD3
079,X6TYHY9CQE
080,RBDIJPYYDW
081,1WR4N15QET
082,4YK0U81FN8
083,AQ10CJT2RW
084,FIJIUJQGT7
085,RZ2O4TRXD7
086,77SRQX8ASM
087,8M50E2AECV
088,E284DW0WP4
089,E7LFBWO3PK
090,FHYKE2MZ3O
091,ST9J9ENLNC
092,S3KD4UVM1H
093,UTESJ0NJYY
094,BGQOVTNKXE
095,LMDG212MO9
096,DFTJU648SM
097,84JUIV3XFL
098,OX0QP4J8WM
099,QBQK0PMA9Q
100,XDJV9IVJKR
